{
  "qnaDocuments": [
    {
      "id": 1,
      "answer": "![Virtual Assistant](https://aka.ms/virtualassistantlogo)\nI'm a Virtual Assistant with the ability to be customized to a customer's brand and made available across a broad range of devices.\nI can help you be more productive, find points of interest, and answer questions.\nLearn more by visiting [here](https://aka.ms/virtualassistant).",
      "source": "custom editorial",
      "questions": [
        "What is a Virtual Assistant"
      ],
      "metadata": [],
      "alternateQuestions": "",
      "alternateQuestionClusters": [],
      "changeStatus": "NoChange",
      "kbId": "47f934ec-c578-4c85-a802-3be2577ea642",
      "context": {
        "isContextOnly": false,
        "prompts": []
      }
    },
    {
      "id": 2,
      "answer": "Bot Framework Skills are capabilities that can be integrated with a Virtual Assistant.\nLearn more by visiting [here](https://aka.ms/virtualassistant).",
      "source": "custom editorial",
      "questions": [
        "What is a Skill"
      ],
      "metadata": [],
      "alternateQuestions": "",
      "alternateQuestionClusters": [],
      "changeStatus": "NoChange",
      "kbId": "47f934ec-c578-4c85-a802-3be2577ea642",
      "context": {
        "isContextOnly": false,
        "prompts": []
      }
    },
    {
      "id": 3,
      "answer": "The Calendar Skill assists with managing the events on your calendar.\nTry saying thigs like \"do I have any appointments today\", \"how long until my next meeting\", or \"put anniversary on my calendar.\"",
      "source": "custom editorial",
      "questions": [
        "What can the Calendar Skill do"
      ],
      "metadata": [],
      "alternateQuestions": "",
      "alternateQuestionClusters": [],
      "changeStatus": "NoChange",
      "kbId": "47f934ec-c578-4c85-a802-3be2577ea642",
      "context": {
        "isContextOnly": false,
        "prompts": []
      }
    },
    {
      "id": 4,
      "answer": "The Email Skill assists with reading and sending your messages to contacts.\nTry saying things like \"do I have any new mail\", \"add a flag to this email\", or \"respond to my last email.\"",
      "source": "custom editorial",
      "questions": [
        "What can the Email Skill do"
      ],
      "metadata": [],
      "alternateQuestions": "",
      "alternateQuestionClusters": [],
      "changeStatus": "NoChange",
      "kbId": "47f934ec-c578-4c85-a802-3be2577ea642",
      "context": {
        "isContextOnly": false,
        "prompts": []
      }
    },
    {
      "id": 5,
      "answer": "The Point of Interest Skill finds nearby points of interest and assists with navigation.\nYou can say things like \"what's nearby\", \"I need directions to a cafe\", or \"where can I get coffee?\"",
      "source": "custom editorial",
      "questions": [
        "What can the Point of Interest Skill do"
      ],
      "metadata": [],
      "alternateQuestions": "",
      "alternateQuestionClusters": [],
      "changeStatus": "NoChange",
      "kbId": "47f934ec-c578-4c85-a802-3be2577ea642",
      "context": {
        "isContextOnly": false,
        "prompts": []
      }
    },
    {
      "id": 6,
      "answer": "## Overview\nThe ToDo Skill provides task related capabilities for managing to-do lists.\nYou can say things like \"what tasks do I have\", \"add some items to my shopping list\", or \"check off bananas on my grocery list.\"",
      "source": "custom editorial",
      "questions": [
        "What can the ToDo Skill do"
      ],
      "metadata": [],
      "alternateQuestions": "",
      "alternateQuestionClusters": [],
      "changeStatus": "NoChange",
      "kbId": "47f934ec-c578-4c85-a802-3be2577ea642",
      "context": {
        "isContextOnly": false,
        "prompts": []
      }
    },
    {
      "id": 7,
      "answer": "The Virtual Assistant is available as a template, allowing users to easily spin up and deploy their own personalized Assistant.\nSkills are now run as independent applications that a Virtual Assistant can integrate with remotely.\nNew Virtual Assistants are ready to support both Microsoft Teams and speech-related scenarios.",
      "source": "custom editorial",
      "questions": [
        "What's New"
      ],
      "metadata": [],
      "alternateQuestions": "",
      "alternateQuestionClusters": [],
      "changeStatus": "NoChange",
      "kbId": "47f934ec-c578-4c85-a802-3be2577ea642",
      "context": {
        "isContextOnly": false,
        "prompts": []
      }
    },
    {
      "id": 8,
      "answer": "Raise an issue on the [GitHub repo](https://aka.ms/virtualassistant)",
      "source": "custom editorial",
      "questions": [
        "How do I raise a bug"
      ],
      "metadata": [],
      "alternateQuestions": "",
      "alternateQuestionClusters": [],
      "changeStatus": "NoChange",
      "kbId": "47f934ec-c578-4c85-a802-3be2577ea642",
      "context": {
        "isContextOnly": false,
        "prompts": []
      }
    }
  ]
}